dataset,model,rows,source_correct,matched_source_correct,raw_correct,guard_correct,raw_wrong_guard_right,raw_right_guard_wrong,both_correct,both_wrong
rml2016a,amc_mamba_d10,33000,20576,20576,19213,20509,1959,663,18550,11828
rml2016a,baseline_cnn2_stable,33000,19095,19095,18356,19088,1466,734,17622,13178
rml2016a,baseline_resnet,33000,18737,18737,18263,18750,1438,951,17312,13299
rml2016a,baseline_gru,33000,20149,20149,19857,20116,1014,755,19102,12129
rml2016a,baseline_cldnn,33000,18775,18775,18136,18790,1153,499,17637,13711
rml2016a,baseline_mcldnn,33000,20412,20412,19892,20322,1209,779,19113,11899
rml2016a,baseline_mcformer,33000,18308,18308,17816,18251,1344,909,16907,13840
rml2016a,baseline_mamc,33000,19891,19891,18672,19906,2230,996,17676,12098
rml2016b,amc_mamba_d10,180000,116312,116312,110428,115996,9651,4083,106345,59921
rml2016b,baseline_cnn2_stable,180000,108903,108903,103723,108684,9856,4895,98828,66421
rml2016b,baseline_resnet,180000,109350,109350,102824,109032,13149,6941,95883,64027
rml2016b,baseline_gru,180000,116398,116398,110874,116133,9779,4520,106354,59347
rml2016b,baseline_cldnn,180000,108241,108241,103123,108228,8018,2913,100210,68859
rml2016b,baseline_mcldnn,180000,116495,116495,113286,116270,7672,4688,108598,59042
rml2016b,baseline_mcformer,180000,115486,115486,111463,115360,7698,3801,107662,60839
rml2016b,baseline_mamc,180000,112017,112017,102048,111916,15018,5150,96898,62934
rml2018a,amc_mamba_d10,383385,244836,223884,189902,223357,49837,16382,173520,143646
rml2018a,baseline_cnn2_stable,383385,210244,176867,146993,176492,36118,6619,140374,200274
rml2018a,baseline_resnet,383385,229750,188803,146442,186652,53603,13393,133049,183340
rml2018a,baseline_gru,383385,246748,202168,183217,201509,37442,19150,164067,162726
rml2018a,baseline_cldnn,383385,197129,172338,149264,172037,37349,14576,134688,196772
rml2018a,baseline_mcldnn,383385,244051,200292,181330,199805,40542,22067,159263,161513
rml2018a,baseline_mcformer,383385,238681,225025,212382,224532,28086,15936,196446,142917
rml2018a,baseline_mamc,383385,186581,148954,115311,147604,44862,12569,102742,223212
hisarmod2019,amc_mamba_d10,117000,82183,71765,28244,69828,42797,1213,27031,45959
hisarmod2019,baseline_cnn2_stable,117000,75847,60092,26591,59810,35075,1856,24735,55334
hisarmod2019,baseline_resnet,117000,77396,55538,18575,54640,37607,1542,17033,60818
hisarmod2019,baseline_gru,117000,80217,65193,24140,63905,41265,1500,22640,51595
hisarmod2019,baseline_cldnn,117000,50286,42792,17610,42272,27164,2502,15108,72226
hisarmod2019,baseline_mcldnn,117000,83006,68772,24235,67176,44915,1974,22261,47850
hisarmod2019,baseline_mcformer,117000,73009,61997,24306,60883,37934,1357,22949,54760
hisarmod2019,baseline_mamc,117000,65365,48467,14274,47568,35531,2237,12037,67195
