dataset,native_samples,batch_size,scope,warmup,repeats,host_mean_ms,host_median_ms,host_p95_ms,cuda_event_median_ms,windows_per_second_mean,cuda_peak_allocated_bytes,cuda_peak_reserved_bytes,process_peak_rss_kib,parameters,power_mode,power_mode_id
rml2016a,128,1,forward,30,200,15.098333010000001,15.087659500000001,15.207178650000001,15.075135707855225,66.23247740910703,11120128,25165824,1267604,125294,MODE_50W,3
rml2016a,128,1,pipeline,30,200,15.749902244999998,15.67245,16.60018,,63.492457568583475,11120128,25165824,1267920,125294,MODE_50W,3
rml2016a,128,128,forward,30,200,15.4579027,15.195625,17.233741199999997,15.184415817260742,8280.554127177938,142468608,155189248,1267920,125294,MODE_50W,3
rml2016a,128,128,pipeline,30,200,16.55882451,16.386663,18.3763936,,7730.0173042295255,142468608,155189248,1267920,125294,MODE_50W,3
rml2016b,128,1,forward,30,200,15.198431735,15.1915115,15.29936665,15.178736209869385,65.79626223521015,11119616,25165824,1162552,125166,MODE_50W,3
rml2016b,128,1,pipeline,30,200,15.719147775,15.705295,15.865522449999998,,63.61668038965936,11119616,25165824,1162552,125166,MODE_50W,3
rml2016b,128,128,forward,30,200,15.389496265000002,15.1960865,16.84397705,15.184927940368652,8317.361257048266,142468096,155189248,1162552,125166,MODE_50W,3
rml2016b,128,128,pipeline,30,200,16.438541555,16.3157335,16.97488615,,7786.578850181943,142468096,155189248,1162552,125166,MODE_50W,3
rml2018a,1024,1,forward,30,200,27.07180359,27.064685,27.2276334,27.051471710205078,36.9388022735725,12734976,27262976,1155272,126958,MODE_50W,3
rml2018a,1024,1,pipeline,30,200,27.498317220000004,27.4355905,28.1409105,,36.36586166344327,12734976,27262976,1155580,126958,MODE_50W,3
rml2018a,1024,128,forward,30,200,58.79824197,58.792574,58.86575285,58.7872314453125,2176.935835348752,349437440,381681664,1156372,126958,MODE_50W,3
rml2018a,1024,128,pipeline,30,200,60.089694405,60.048646500000004,60.453295999999995,,2130.1489592756066,349437440,379584512,1156636,126958,MODE_50W,3
hisarmod2019,1024,1,forward,30,200,27.124622770000002,27.084871,27.3354766,27.07153606414795,36.866872158163474,12736000,27262976,1148864,127214,MODE_50W,3
hisarmod2019,1024,1,pipeline,30,200,27.6062022,27.463231999999998,28.35408515,,36.223743952726686,12736000,27262976,1149184,127214,MODE_50W,3
hisarmod2019,1024,128,forward,30,200,58.76362485,58.7564175,58.83726625,58.751359939575195,2178.218248563337,349438464,381681664,1149976,127214,MODE_50W,3
hisarmod2019,1024,128,pipeline,30,200,59.930935675,59.923691500000004,60.04399885,,2135.791783631284,349438464,381681664,1150240,127214,MODE_50W,3
